fname,label,Acoustic_guitar,Bass_drum,Cello,Clarinet,Double_bass,Flute,Hi-hat,Saxophone,Snare_drum,Violin_or_fiddle,y_pred
5388d14d.wav,Saxophone,0.0001950737787410617,0.022783730179071426,0.002736045978963375,0.003800947219133377,0.0013883823994547129,0.03256761655211449,4.8738944315118715e-05,0.9349319934844971,1.6345418771379627e-05,0.0015310875605791807,Saxophone
c685f05f.wav,Saxophone,0.002684066304937005,0.00038845970993861556,0.0024327172432094812,0.015032878145575523,0.0002775824978016317,0.08144185692071915,0.00014056934742257,0.8959466218948364,0.00011771737626986578,0.0015374039066955447,Saxophone
36d20ab5.wav,Saxophone,0.0006816804525442421,0.0005754687008447945,0.003596656955778599,0.006971615832298994,0.013729420490562916,0.003728627460077405,0.0003535156138241291,0.9659008979797363,0.0010141152888536453,0.0034482006449252367,Saxophone
d6665734.wav,Saxophone,0.007489672861993313,1.0330742043151986e-05,0.05105094239115715,0.00340065429918468,0.0005163276800885797,0.01337330974638462,1.7916898968906025e-06,0.9147524833679199,0.0033820411190390587,0.0060221911408007145,Saxophone
7352e28f.wav,Saxophone,9.51304809859721e-06,3.702055195731191e-08,5.249609671409416e-07,0.0005793832242488861,4.7560536842183865e-08,0.039317842572927475,1.4625032088155798e-11,0.9600921869277954,1.5010312992558283e-09,3.7953296327941644e-07,Saxophone
8fa096bf.wav,Saxophone,0.003679304150864482,4.7478999476879835e-05,0.0008637446444481611,0.036974240094423294,0.01035050954669714,0.004555858671665192,0.00018748074944596738,0.9387768507003784,0.004219162743538618,0.00034534564474597573,Saxophone
2f9c5f62.wav,Saxophone,1.6791690313766594e-06,3.061791375991163e-10,3.538350483722752e-06,0.0789085254073143,2.2006308597610769e-07,0.00022284715669229627,2.871300142093247e-10,0.9084230065345764,0.012386069633066654,5.411267920862883e-05,Saxophone
9cd05a2b.wav,Saxophone,1.5796716979821213e-05,5.594708341050136e-07,0.0009123774361796677,6.367113383021206e-05,0.0003426394541747868,0.00022358376008924097,1.6311230410792632e-07,0.9976633191108704,0.0001246159808943048,0.0006535947322845459,Saxophone
ab465bf9.wav,Saxophone,4.5784364033352176e-07,1.4325070196719025e-07,3.4518385927384543e-09,6.792791282350663e-06,1.3545734134368104e-07,0.0009404437150806189,1.1489669632380739e-10,0.9990520477294922,1.2558259987471843e-09,2.2990261072663998e-07,Saxophone
c40632d7.wav,Saxophone,0.0004334925615694374,5.276597221381962e-06,0.006318674422800541,0.04993193969130516,0.00045148091157898307,0.0554136224091053,1.421978367943666e-06,0.8851089477539062,0.0016228724271059036,0.0007121747476048768,Saxophone
3a80061f.wav,Saxophone,0.0061226701363921165,0.00013353873509913683,0.011379354633390903,0.015086648985743523,4.4469008571468294e-05,0.017255686223506927,3.230929360142909e-05,0.9414642453193665,0.001385837560519576,0.007095138542354107,Saxophone
dba6817d.wav,Saxophone,0.00397561164572835,0.0009513084660284221,0.005155878607183695,0.0005090250633656979,0.02588094025850296,0.00774677749723196,1.037921629176708e-05,0.9521451592445374,0.00323551706969738,0.00038943285471759737,Saxophone
25f26095.wav,Saxophone,0.0013944300590083003,2.2656873625237495e-05,0.0005625878693535924,0.026595059782266617,0.00036865760921500623,0.011885414831340313,0.0011946491431444883,0.9517439603805542,0.005444578360766172,0.0007881515775807202,Saxophone
37cebbd4.wav,Saxophone,1.172898350887408e-06,1.245673360017463e-07,3.8459893403341994e-05,3.390170240891166e-05,1.4537042261508759e-05,0.0012279913062229753,8.181767157111608e-07,0.9986677169799805,1.3593545190815348e-05,1.7319040352958837e-06,Saxophone
f8d96888.wav,Saxophone,0.02397497557103634,2.1061787265352905e-05,0.06583025306463242,0.02066972479224205,0.0001617812959011644,0.006204669829457998,4.4290729420026764e-05,0.8661908507347107,0.007115339860320091,0.009787023067474365,Saxophone
d94c94f0.wav,Saxophone,0.002088782610371709,2.873512130463496e-06,0.016454987227916718,0.02370925061404705,0.0017130402848124504,0.00027518338174559176,0.0002060245315078646,0.954975962638855,0.0002875235222745687,0.00028642304823733866,Saxophone
ec6afeb6.wav,Saxophone,9.771140412340173e-07,5.318684381805383e-10,3.8019579733372666e-06,0.0012098659062758088,6.693665636703372e-05,0.0009559958707541227,3.725793007447464e-09,0.9977086186408997,1.476940383327019e-07,5.4004573030397296e-05,Saxophone
5f0dc8e4.wav,Saxophone,0.012476043775677681,6.646928341069724e-09,1.0341019596182832e-08,0.048126306384801865,5.32161925637098e-10,2.1311357158992905e-06,6.35496294259727e-15,0.9393917918205261,2.9671348329429748e-06,7.730179163445428e-07,Saxophone
b8c0a88a.wav,Saxophone,0.009578251279890537,1.6216427312087944e-08,0.0034393302630633116,0.036914627999067307,2.1998876036377624e-05,0.043879467993974686,2.2856805514948064e-07,0.9054511189460754,7.167569719968014e-07,0.0007144008413888514,Saxophone
96dad435.wav,Saxophone,0.024857085198163986,1.608372599548602e-06,3.1140248211158905e-06,0.010361425578594208,7.526273748226231e-06,0.0009965264471247792,8.334699153067504e-09,0.963692307472229,7.686938261031173e-06,7.294156239368021e-05,Saxophone
b120dc90.wav,Saxophone,1.7690452295937575e-05,0.0001041549548972398,0.00013764903997071087,0.00038209682679735124,0.010137936100363731,0.0001727072085486725,1.6081434068837552e-06,0.9874345064163208,7.03122204868123e-05,0.0015412680804729462,Saxophone
c1948f24.wav,Saxophone,3.857222054648446e-06,2.947413690890244e-07,7.872639798733871e-06,0.00018898096459452063,8.692539267940447e-06,0.09878087788820267,6.903729854457197e-07,0.9010061621665955,1.1188473791889919e-07,2.2833967250335263e-06,Saxophone
ac097834.wav,Saxophone,0.0019647334702312946,0.00019465274817775935,0.028877997770905495,0.046476565301418304,8.646182686788961e-05,0.008736780844628811,6.32577894066344e-06,0.9131926894187927,0.0001372366095893085,0.00032652594381943345,Saxophone
4345851e.wav,Saxophone,0.02550838701426983,0.0006125654908828437,0.011920911259949207,0.0018326792633160949,0.00018385188013780862,0.0097877848893404,5.1973192967125215e-06,0.9460830688476562,0.000636714044958353,0.0034289092291146517,Saxophone
5d4f8187.wav,Saxophone,1.771951065165922e-05,5.455096925288672e-06,0.00030546647030860186,0.019744858145713806,0.004740504547953606,0.0006160839693620801,5.38774713731982e-07,0.974288284778595,3.8085170217527775e-06,0.00027740062796510756,Saxophone
b83049f4.wav,Saxophone,0.0001223370200023055,0.00019793359388131648,0.001111441757529974,0.016701342537999153,0.01517128013074398,0.004172574263066053,0.0001182214473374188,0.9621891975402832,1.756424353516195e-05,0.00019797179265879095,Saxophone
c1c3c8b9.wav,Saxophone,0.0018905379110947251,2.9891163649153896e-05,5.8409172197571024e-05,0.002835448132827878,0.0006087383371777833,0.009553239680826664,6.214467163090376e-08,0.9750452041625977,3.5543958802009e-05,0.0099429776892066,Saxophone
78a86075.wav,Saxophone,0.016473185271024704,9.616253009880893e-06,0.03256162256002426,0.005249525420367718,0.0029849878046661615,0.00525920232757926,3.710368400788866e-05,0.927435040473938,0.00021102969185449183,0.00977863185107708,Saxophone
f0d315bc.wav,Saxophone,0.00019488953694235533,1.084607692547479e-08,0.0019869531970471144,0.013160724192857742,9.316995601693634e-06,0.009482678025960922,5.570395700260633e-08,0.9750131964683533,8.619129221187904e-05,6.583147478522733e-05,Saxophone
9c0838c1.wav,Saxophone,0.023541133850812912,1.4345144336402882e-05,0.03178964555263519,0.005493852775543928,0.0009849023772403598,0.023508122190833092,6.70093868393451e-05,0.8912095427513123,0.00268027582205832,0.020710935816168785,Saxophone
d6144e01.wav,Violin_or_fiddle,3.38251857101568e-06,2.9017332834517864e-14,4.73905636955152e-11,8.088190952548757e-05,1.4079010310016904e-13,1.0026489007941564e-06,2.902377127611544e-05,1.4924318065823172e-06,1.0997607802210041e-07,0.9998841285705566,Violin_or_fiddle
cfb9c5fd.wav,Violin_or_fiddle,0.03866980969905853,0.008761119097471237,0.05259091034531593,0.06110047549009323,0.008244271390140057,0.007239656522870064,7.559611549368128e-05,0.00148889166302979,0.06083890050649643,0.7609904408454895,Violin_or_fiddle
c6865306.wav,Violin_or_fiddle,0.03608410432934761,1.0561177987256087e-05,0.0700933113694191,0.019500577822327614,0.005279503297060728,0.04128527641296387,0.0011909070890396833,0.003461743937805295,0.0013637124793604016,0.8217303156852722,Violin_or_fiddle
642aba58.wav,Violin_or_fiddle,0.06362242251634598,1.3726838005823083e-05,0.010769784450531006,0.00468337070196867,0.0005666959914378822,0.0800439864397049,4.37959170085378e-05,0.0010035752784460783,0.000882937922142446,0.8383697271347046,Violin_or_fiddle
848faca3.wav,Violin_or_fiddle,1.9105002138530836e-05,1.3668399333255365e-05,0.0012392960488796234,0.008943947032094002,6.073166150599718e-05,0.006354925222694874,7.198676144071214e-08,0.004134383052587509,0.00025288789765909314,0.9789810180664062,Violin_or_fiddle
7eb9dac0.wav,Violin_or_fiddle,0.007844436913728714,0.0019332929514348507,0.024832364171743393,0.03595602512359619,0.0025884779170155525,0.013800621032714844,0.008344419300556183,0.0040904157795012,0.0035044688265770674,0.8971056938171387,Violin_or_fiddle
8d7d7dba.wav,Violin_or_fiddle,0.005305240396410227,0.0005003577680326998,0.03726860508322716,0.006597014609724283,0.0014356871834024787,0.01520238071680069,4.410855035530403e-05,0.02288728766143322,0.0004328485229052603,0.9103267788887024,Violin_or_fiddle
2424ad60.wav,Violin_or_fiddle,0.03218225762248039,0.003873710986226797,0.00638267258182168,0.01121301669627428,0.0031430080998688936,0.03279754891991615,0.0004662397550418973,0.011011824943125248,0.0014490056782960892,0.8974807858467102,Violin_or_fiddle
ba648ac1.wav,Violin_or_fiddle,0.0002176650014007464,5.93009426665958e-05,0.01220537070184946,0.00045731093268841505,0.00010104921966558322,0.0002320734492968768,7.977678961879064e-09,0.007244707550853491,0.00026503612753003836,0.979217529296875,Violin_or_fiddle
2e4a9850.wav,Violin_or_fiddle,0.006167655810713768,4.174631751396873e-09,0.00025403639301657677,0.000271070864982903,5.0632987580456756e-08,0.0024595786817371845,1.2770417015417479e-05,1.2109987437725067e-05,2.1303245375747792e-05,0.9908013939857483,Violin_or_fiddle
2cc8683d.wav,Violin_or_fiddle,0.0019644068088382483,0.0007669629994779825,0.024998055770993233,0.02449423260986805,0.0011922948760911822,0.015210172161459923,0.00014428648864850402,0.006685956381261349,0.000271116936346516,0.9242726564407349,Violin_or_fiddle
7b6a119e.wav,Violin_or_fiddle,8.530684681318235e-06,2.7032162619455846e-10,7.686832503850383e-09,0.0015981438336893916,3.362019285191309e-08,0.011076021939516068,0.0016466473462060094,1.244099621544592e-06,0.00013543905515689403,0.9855339527130127,Violin_or_fiddle
68589f79.wav,Violin_or_fiddle,0.0006588331307284534,0.033999551087617874,0.021625909954309464,0.002165677025914192,0.00943578127771616,0.0017768045654520392,7.4536696956784e-06,0.00047217623796314,0.0002695281582418829,0.929588258266449,Violin_or_fiddle
fec00143.wav,Violin_or_fiddle,6.882539764774265e-07,1.701858877822815e-06,2.439502532070037e-05,0.0015469588106498122,2.5046765586012043e-06,0.013236642815172672,4.246548996889032e-06,0.012097466737031937,5.592174261437322e-07,0.9730848073959351,Violin_or_fiddle
1b24c166.wav,Violin_or_fiddle,0.0009410196216776967,0.020150076597929,0.06072423607110977,0.06634627282619476,0.014581135474145412,0.023692261427640915,0.0004740054428111762,0.012342933565378189,0.0008533838554285467,0.7998946309089661,Violin_or_fiddle
6eb59008.wav,Violin_or_fiddle,4.0616951082483865e-06,3.3740743532462147e-09,1.3168099030735902e-05,0.0037478492595255375,2.5176087881106923e-09,0.0018654756713658571,0.053489185869693756,3.151535565848462e-05,0.0005275102448649704,0.940321147441864,Violin_or_fiddle
0e7cd4eb.wav,Violin_or_fiddle,0.012810181826353073,0.000673887727316469,0.07058290392160416,0.016183409839868546,0.015040078200399876,0.03991895541548729,0.00011637926945695654,0.0018277521012350917,0.005574225913733244,0.8372723460197449,Violin_or_fiddle
56e79c6f.wav,Violin_or_fiddle,0.006281022913753986,1.3940835685843922e-07,0.0014645942719653249,0.01014100480824709,3.264314273110358e-06,0.11196649819612503,0.013005894608795643,0.006956307217478752,0.0012274952605366707,0.8489540219306946,Violin_or_fiddle
cdc5fe8e.wav,Violin_or_fiddle,0.003361168783158064,7.87878452683799e-05,0.0014351105783134699,7.390261453110725e-05,0.005128409713506699,0.016185807064175606,7.307755822694162e-08,0.0001207938912557438,0.0008373955497518182,0.9727786183357239,Violin_or_fiddle
b38409bb.wav,Violin_or_fiddle,0.0006386276218108833,1.757971025695415e-11,3.1281649626180297e-07,0.0003051083767786622,8.938420316406681e-12,0.0032027962151914835,1.1085970982094295e-05,1.6047093595261686e-05,2.852600857750076e-07,0.9958257675170898,Violin_or_fiddle
c8c117dc.wav,Violin_or_fiddle,0.001046981429681182,0.0008051361655816436,0.08325386792421341,0.00016389283700846136,0.0002766996040008962,0.0008884955896064639,2.2990916477283463e-06,0.0007515056640841067,0.00475417822599411,0.908056914806366,Violin_or_fiddle
b73c3595.wav,Violin_or_fiddle,0.01028156466782093,4.254663028141481e-13,1.2013794403742395e-08,0.002852520439773798,3.102199486876289e-13,4.747275306726806e-05,4.224262738716789e-06,1.0512246717553353e-06,3.5863481571141165e-06,0.9868096113204956,Violin_or_fiddle
d84c8c43.wav,Violin_or_fiddle,0.0007984897820279002,0.00832244660705328,0.026369405910372734,0.023199474439024925,0.009669167920947075,0.006844423711299896,1.462323052692227e-05,0.00411091186106205,0.0004408489912748337,0.9202303290367126,Violin_or_fiddle
d914225a.wav,Violin_or_fiddle,0.019948787987232208,1.0937083970929962e-05,0.06544120609760284,0.00022329340572468936,0.010704833082854748,0.0004999801749363542,1.7923066479852423e-06,0.001375687774270773,0.0001737904967740178,0.9016196131706238,Violin_or_fiddle
1148986e.wav,Violin_or_fiddle,0.1628299206495285,9.02283954928862e-06,0.11142759025096893,0.000199378642719239,0.003014954272657633,0.005943745374679565,9.311586950389028e-07,0.003476404584944248,0.009863315150141716,0.7032346725463867,Violin_or_fiddle
e3f479f3.wav,Violin_or_fiddle,0.0008293794235214591,2.7686019166139886e-05,0.004087317734956741,0.06973489373922348,0.00011945337610086426,0.1054697334766388,0.000298329716315493,0.03134787082672119,0.0069979773834347725,0.7810872197151184,Violin_or_fiddle
aab28420.wav,Violin_or_fiddle,0.0024381866678595543,0.016252946108579636,0.022174078971147537,0.02618323639035225,0.008488104678690434,0.003744125831872225,0.00036215520231053233,0.0012670750729739666,0.00011207409261260182,0.9189779758453369,Violin_or_fiddle
21346775.wav,Violin_or_fiddle,7.460934284608811e-05,0.0012134133139625192,0.017003564164042473,0.0020700707100331783,0.01249754335731268,0.00210518017411232,1.640751321474454e-07,0.002159002935513854,0.0009641314391046762,0.9619123339653015,Violin_or_fiddle
cdeece57.wav,Violin_or_fiddle,0.013442283496260643,9.986997611122206e-05,0.0013639258686453104,0.019529124721884727,0.010224011726677418,0.013024453073740005,0.0011324476217851043,0.0017654475523158908,1.4633799764851574e-05,0.9394038319587708,Violin_or_fiddle
c9fb642d.wav,Violin_or_fiddle,0.06786360591650009,8.365223038708791e-05,0.010023641400039196,0.0016922610811889172,0.002501371782273054,0.007484401110559702,1.6395046031902893e-07,0.00797270704060793,0.0007932941080071032,0.9015848636627197,Violin_or_fiddle
078f7ac0.wav,Hi-hat,3.1294753455313185e-08,4.6920236793090986e-12,3.555166230850837e-11,3.211847854345251e-08,1.0359993909297462e-14,9.075728826246632e-07,0.9999979734420776,1.5569554109515216e-12,1.1825998171843821e-06,8.41013370056487e-10,Hi-hat
e897db78.wav,Hi-hat,1.678268546356776e-08,1.2580780861526364e-10,9.871935083630157e-13,2.5528623659454297e-09,7.31384997866829e-16,6.764974500583776e-07,0.9999994039535522,3.1898010572966803e-14,1.2135861204853882e-08,1.6111283140940458e-10,Hi-hat
b31ed1fb.wav,Hi-hat,6.539382013670547e-08,3.775027599545178e-12,9.739781897666333e-11,6.163426036209785e-08,8.906885171360186e-15,5.789145518519945e-08,0.9999997019767761,6.666370788721565e-10,7.091667697523008e-08,4.136825282330392e-08,Hi-hat
06c48eab.wav,Hi-hat,0.00024367145670112222,5.07678521444177e-07,3.3974549751292216e-06,0.00015977384464349598,1.1581065884058717e-08,0.0011443046387284994,0.997249960899353,3.2808331980049843e-06,7.880532393755857e-06,0.0011872745817527175,Hi-hat
2503aaa1.wav,Hi-hat,4.1980439957622906e-11,4.504250271375465e-12,1.1509354233552038e-11,4.634130945646575e-08,3.3862145299410912e-15,8.829104558571998e-07,0.9999991059303284,1.0230072788885991e-08,3.825604366625157e-08,1.3306001633850428e-08,Hi-hat
3d3439f1.wav,Hi-hat,5.807611387353973e-07,1.566446972134372e-10,9.649877563688847e-10,8.535073980908692e-09,6.63974643089248e-15,8.73601322837203e-07,0.9999967813491821,3.281645246343279e-13,1.7474707192377537e-06,9.448162252567727e-10,Hi-hat
34a90030.wav,Hi-hat,7.411327662687484e-10,1.918326066573106e-13,1.2892746766024477e-12,2.4282169164280276e-08,4.612736554652803e-16,6.523434308292053e-07,0.9999994039535522,1.034077811985605e-14,6.431206678314538e-10,1.0608112166465844e-09,Hi-hat
da4b0379.wav,Hi-hat,5.728245433544998e-09,1.899507027364189e-12,1.3902572669477475e-12,7.285570480242143e-10,3.489725119234229e-17,3.810960151895415e-07,0.9999996423721313,2.1894427904962336e-16,4.6502157680095024e-09,3.141371190951148e-11,Hi-hat
a090c45a.wav,Hi-hat,1.714780069050903e-07,1.6863749285889185e-10,2.1327178304636485e-12,1.1897213214595581e-09,1.5516325398674618e-16,5.6637333045728155e-08,0.9999993443489075,1.3014191131276599e-14,3.8541239177902753e-07,1.257983162084031e-10,Hi-hat
41897c32.wav,Hi-hat,3.1737869221615256e-08,2.001339496687446e-13,1.7561596775861506e-14,0.0007449573022313416,1.3553647780658023e-14,1.6367772332159802e-05,0.9992387890815735,6.661950852082654e-11,1.1287542012183849e-09,9.812741730286234e-09,Hi-hat
2032be87.wav,Hi-hat,3.828303646313813e-11,3.253170429641148e-15,2.2290700101706973e-12,3.1112598719573725e-08,8.8685814944524e-15,8.567090844735503e-06,0.999991238117218,2.3754319400381974e-08,1.484715141941706e-07,1.8667300344388238e-11,Hi-hat
73677128.wav,Hi-hat,2.8429510481875475e-11,1.4573546091700001e-13,1.5565996300086204e-13,7.2514261262313084e-09,2.1592674005689767e-15,4.619066089617263e-07,0.9999995231628418,1.1367268237805206e-11,6.622341430784218e-08,1.6380444778363312e-09,Hi-hat
c53a217e.wav,Hi-hat,7.02849098366265e-11,1.3064986850090492e-14,2.3618622655525653e-14,2.6562667621021774e-09,1.0366091117149594e-16,1.247079381982985e-07,0.9999999403953552,8.974040044060216e-13,3.0255831173775505e-09,4.482556686946637e-11,Hi-hat
f0dfe343.wav,Hi-hat,3.7588515633402153e-10,1.4231612528123891e-15,1.885815059665674e-09,5.277456693875138e-06,2.3645007393019446e-12,0.0008353773155249655,0.9828256964683533,0.016333501785993576,5.8702177341274364e-08,9.651426324808199e-08,Hi-hat
0ed06544.wav,Hi-hat,8.21243906212743e-11,3.54262009538784e-14,4.758572482994709e-14,2.0256393895579095e-08,1.2439349045248915e-15,3.1878735740065167e-07,0.9999997019767761,1.0112317233579304e-11,2.0794206356811173e-09,7.890442743629933e-10,Hi-hat
99c96a07.wav,Hi-hat,0.00013980538642499596,1.736289959808346e-05,4.0536329493079393e-07,1.993288833546103e-06,1.0539038391987887e-10,5.1835435442626476e-05,0.9824603199958801,4.481816873180833e-08,0.017328273504972458,8.22583334780802e-09,Hi-hat
3a3d0279.wav,Hi-hat,3.637816234913771e-06,6.720433654017199e-10,7.858275835603834e-11,2.4930509212595098e-08,1.2162945042142655e-14,1.3647216690060304e-07,0.999990701675415,5.338488440372047e-13,5.5162504395411815e-06,9.564558173247306e-11,Hi-hat
612702c3.wav,Hi-hat,7.100352750200045e-09,4.104496690443549e-14,8.242428481820656e-15,5.992495744067128e-08,5.545519555713585e-13,4.1858100303215906e-05,0.9999581575393677,4.134170783487434e-09,6.041234179576804e-09,2.066179310977745e-10,Hi-hat
d6854eb4.wav,Hi-hat,0.00015361393161583692,0.0005547655164264143,0.003073720494285226,0.01023816503584385,1.7264203052036464e-05,0.003447909140959382,0.9349214434623718,0.04581857845187187,0.000624214531853795,0.001150269526988268,Hi-hat
52300f9b.wav,Hi-hat,6.777925443124388e-11,5.715598757087201e-14,9.271347524344303e-14,1.832778195876017e-08,4.484502450057851e-17,2.0991711835449678e-07,0.9999998807907104,9.948593056134658e-14,7.704496596261379e-09,2.4513601815101538e-08,Hi-hat
09a1cfd7.wav,Hi-hat,2.3270627025340218e-07,1.2551458483667233e-10,3.229844126526049e-12,1.6476706150569953e-06,1.0041970651160286e-16,3.4006885130111186e-07,0.9999976754188538,5.801241241944546e-14,1.500619788430413e-07,4.3090691015379434e-09,Hi-hat
3aafb6ad.wav,Hi-hat,1.1569769498009919e-07,2.998963299916113e-10,1.702207957920976e-10,3.946727520087734e-05,2.9873022458493104e-13,7.457862921000924e-06,0.9999416470527649,3.868101394743917e-10,7.014513698777591e-07,1.071729730028892e-05,Hi-hat
493c247b.wav,Hi-hat,3.155787098307883e-08,3.585575629808102e-12,6.216355208366053e-11,4.695327859849385e-08,3.3953249283305564e-13,1.4173070894685225e-06,0.9999865889549255,9.421003560605712e-11,1.1964045370405074e-05,6.134768693044634e-09,Hi-hat
5ec7ad26.wav,Hi-hat,6.372555799316615e-05,4.711417922464989e-09,1.0197281907764477e-10,1.487552594880981e-06,9.15250405846002e-13,0.00014071798068471253,0.9997327923774719,1.416885922825295e-12,5.948401667410508e-05,1.7783299881557468e-06,Hi-hat
a1b369d7.wav,Hi-hat,1.3711355606460529e-08,2.1592773142425914e-12,2.933832782834114e-14,1.9418655938352458e-05,1.0675720358188819e-14,2.0375905478431378e-06,0.9999785423278809,3.952200372525638e-11,3.248746605066799e-09,4.753490490116974e-09,Hi-hat
8cd809d3.wav,Hi-hat,1.023073878059222e-06,1.777898495092245e-09,1.453228470893464e-08,8.289196557598189e-06,3.0961912721172435e-12,8.797723012321512e-07,0.9997562170028687,3.60436416713128e-07,0.00023127022723201662,2.0615664197976002e-06,Hi-hat
aed9d22f.wav,Hi-hat,2.24319620656388e-08,5.004339499216359e-13,1.5015003129725812e-10,7.840154836458169e-08,4.131457816917289e-13,2.2374764739652164e-05,0.9999775290489197,2.482577754481241e-10,2.1399495153673342e-07,1.1761143448030253e-10,Hi-hat
a7964699.wav,Hi-hat,3.6919924895073564e-09,9.33091048871404e-10,9.743797565672785e-13,7.852815997466678e-07,1.6428206129579523e-15,7.469600973308843e-07,0.9999982118606567,1.5749311577106795e-11,1.4928801306268724e-07,1.0682373385861865e-07,Hi-hat
da3f8050.wav,Hi-hat,2.4586019886640997e-09,2.1710164590550696e-13,1.1613510153551942e-10,1.3101909644319676e-05,3.8177786127781277e-13,7.155397906899452e-05,0.9999139308929443,1.5707881573234772e-07,6.750012460088328e-08,1.248542844223266e-06,Hi-hat
468f9c4c.wav,Hi-hat,0.02731201983988285,3.1176172342384234e-05,0.0013292221119627357,0.00013215202488936484,5.349283310351893e-05,0.0029392519500106573,0.9633857011795044,0.00016161231906153262,8.580159192206338e-05,0.00456972885876894,Hi-hat
229be2be.wav,Snare_drum,1.9379038462830067e-07,2.44751561240264e-07,1.9514004634402227e-08,1.7599268709034277e-09,3.9277817109883983e-11,2.3511945812515478e-07,2.8659277973019925e-07,1.2655095638081093e-08,0.999998927116394,6.649694483940038e-08,Snare_drum
b6cbc6a9.wav,Snare_drum,0.00017941350233741105,6.4386163103336e-06,1.0668640015865094e-06,0.0006849881028756499,3.16734585226186e-08,1.5402756616822444e-05,0.00024080160073935986,0.0003230840084142983,0.998548150062561,6.390695830305049e-07,Snare_drum
ae7d1c37.wav,Snare_drum,0.04724486917257309,1.6535957911401056e-05,0.000782216782681644,0.00018564885249361396,9.195001621264964e-05,0.00010631473560351878,2.561124858857511e-07,0.019239958375692368,0.9322183132171631,0.00011406429257476702,Snare_drum
82d4fb44.wav,Snare_drum,0.0013113413006067276,3.975227400587755e-07,1.9186409190297127e-06,0.018558921292424202,3.4365828582849645e-07,0.0017205803887918591,0.016353635117411613,0.0001145533169619739,0.9619296193122864,8.710000656719785e-06,Snare_drum
4c590f69.wav,Snare_drum,1.2495269402279519e-05,1.8632594219525345e-05,2.049335125775542e-05,0.0017101058037951589,2.7423038773122244e-06,0.000993945635855198,8.640439045848325e-05,0.0003405408060643822,0.996662974357605,0.00015165556396823376,Snare_drum
1c9a423f.wav,Snare_drum,0.0002940460399258882,9.259320532528648e-10,2.577003721526694e-09,0.0006688626599498093,8.511872456873348e-11,0.12473152577877045,2.3029296525312049e-10,6.832242070231587e-05,0.8541682958602905,0.020068882033228874,Snare_drum
f0727eac.wav,Snare_drum,2.0470766685320996e-05,2.4089065391308395e-06,7.263613355235066e-08,9.716213753563352e-07,1.225262336035371e-09,5.6264047998411115e-06,0.04988993704319,1.3924900486017577e-06,0.9500781893730164,9.72425937106891e-07,Snare_drum
31db8c5e.wav,Snare_drum,0.0021337755024433136,0.00014436333731282502,0.03363442420959473,5.730061729991576e-06,0.00027263083029538393,0.00014851242303848267,1.1770375749620143e-05,7.753630052320659e-05,0.9631031155586243,0.0004680864803958684,Snare_drum
b86b5a96.wav,Snare_drum,0.0005777751794084907,0.059137385338544846,6.588942369489814e-07,0.00046989438124001026,9.75723651208682e-07,0.0003668514546006918,0.10145658254623413,0.00013614607451017946,0.8377484083175659,0.00010528796701692045,Snare_drum
6fca680b.wav,Snare_drum,0.0021312551107257605,0.0001377524749841541,0.001727538532577455,0.00030459926347248256,0.021964486688375473,0.001569971558637917,1.3003822232349194e-06,0.0015168762765824795,0.9705761671066284,7.003871724009514e-05,Snare_drum
1bc8eae1.wav,Snare_drum,1.9225065273076325e-07,3.0491301572510565e-07,2.394066882516199e-07,1.4110760560015478e-07,2.0413192032719962e-05,4.261525646143127e-06,7.87987755757058e-06,6.614425365114585e-05,0.999872624874115,2.7922305889660493e-05,Snare_drum
46b52f97.wav,Snare_drum,6.995521107455716e-05,7.25323412442691e-10,1.2666708792963277e-09,5.663415777235059e-06,1.8655312017390457e-10,3.50093723682221e-05,4.657244971895125e-06,5.075440276414156e-05,0.99983149766922,2.5580834517313633e-06,Snare_drum
0c67f402.wav,Snare_drum,0.0007095292676240206,3.320277755847201e-05,6.944451911294891e-07,6.338726052490529e-06,8.641112799523398e-06,9.972189900508965e-07,9.354961889584956e-07,0.004483199678361416,0.994718611240387,3.793530777329579e-05,Snare_drum
c8ecbbfd.wav,Snare_drum,1.4797942640143447e-06,6.019798547640676e-06,2.2763920242141467e-06,2.897448393923696e-05,0.00010889303666772321,0.0013096471084281802,2.080484364341828e-06,0.00023995943774934858,0.9981517791748047,0.00014891797036398202,Snare_drum
9f84ea5a.wav,Snare_drum,0.01064326986670494,5.477870157477582e-09,0.003934815060347319,0.0011341370409354568,0.06352081149816513,0.001734544406645,9.584553595232137e-08,7.871706202422502e-07,0.9190163016319275,1.5217998225125484e-05,Snare_drum
e4958adc.wav,Snare_drum,0.0014586878241971135,3.7182435335125774e-06,0.0015498787397518754,0.0004402184276841581,2.0358802430564538e-06,3.2666937386238715e-06,1.6757318865856519e-09,1.692206751613412e-05,0.9965254068374634,3.4057578091051255e-08,Snare_drum
5ce40b1b.wav,Snare_drum,4.222701591061195e-06,3.0348677682923153e-05,1.8501984300201002e-07,6.740196312193802e-08,1.4475482146281138e-07,1.917465397127671e-06,9.581041515716038e-10,1.525637253507739e-05,0.9999246597290039,2.345946995774284e-05,Snare_drum
9d308738.wav,Snare_drum,0.0010373399127274752,0.0008852041210047901,0.027264093980193138,0.00013238894462119788,3.4813920137821697e-06,0.0072281514294445515,0.005256374832242727,0.0056074876338243484,0.9507802724838257,0.0018051505321636796,Snare_drum
1e3391d5.wav,Snare_drum,0.027738424018025398,2.2218153389985673e-05,0.0008185721235349774,0.017792904749512672,4.2623476474545896e-05,5.2890311053488404e-05,9.173410830953799e-07,0.016400184482336044,0.9370443820953369,8.689179230714217e-05,Snare_drum
ff3f21e7.wav,Snare_drum,0.004901743493974209,7.670887498534285e-06,5.082609959572437e-07,0.004081754945218563,2.2752719530672039e-07,0.0002081128623103723,4.099151919945143e-05,0.005880214739590883,0.9847701191902161,0.00010882363130804151,Snare_drum
b68f10af.wav,Snare_drum,0.0014444240368902683,0.0018697527702897787,0.00031898776069283485,0.004304856061935425,0.0006057372083887458,0.010324222035706043,6.89435692038387e-05,0.014708620496094227,0.9660491943359375,0.00030513302772305906,Snare_drum
e8e00924.wav,Snare_drum,4.1503008105792105e-05,5.387241799326148e-06,4.831488240597537e-06,1.2859818525612354e-05,8.720212463231292e-06,0.00028774968814104795,1.0567561936625225e-08,0.00015539057494606823,0.9994724988937378,1.0959484825434629e-05,Snare_drum
22e1c02c.wav,Snare_drum,0.0006808894104324281,0.00021995342103764415,0.006071908865123987,5.367283301893622e-05,0.0008759659249335527,0.013018674217164516,3.927797024516622e-06,0.0021028583869338036,0.9748222827911377,0.0021499020513147116,Snare_drum
5c33d972.wav,Snare_drum,0.07473976910114288,0.018822679296135902,0.06743215024471283,0.1168028935790062,0.017793212085962296,0.004083006642758846,7.432484562741593e-05,0.0011781062930822372,0.6750670075416565,0.0240068007260561,Snare_drum
9320c55f.wav,Snare_drum,4.225168231641874e-05,0.0003411341749597341,0.004268617369234562,0.0006602106150239706,9.579670586390421e-05,0.0010215765796601772,0.00013784941984340549,0.0004808671656064689,0.9905166625976562,0.0024350876919925213,Snare_drum
f1754aea.wav,Snare_drum,0.00042754970490932465,0.00014358037151396275,1.859336407505907e-05,0.0001639302499825135,1.7076472147437016e-07,0.0005777314654551446,0.0006412816001102328,0.0001365394564345479,0.9978904724121094,9.888366747645705e-08,Snare_drum
b218444c.wav,Snare_drum,0.007768988609313965,0.0003404752933420241,0.0017696399008855224,0.0067919171415269375,0.004539720714092255,0.0011422503739595413,8.974447155196685e-06,0.0371304526925087,0.939513087272644,0.0009945195633918047,Snare_drum
36d06cc0.wav,Snare_drum,0.000521832553204149,4.77845446766878e-07,8.314333399539464e-07,8.195050327231002e-07,4.689917343370098e-09,9.576323378723828e-08,2.434207280188616e-10,2.137010778824333e-05,0.9994546175003052,8.872421908279193e-09,Snare_drum
4c4d4797.wav,Snare_drum,0.002552668796852231,1.175266061181901e-05,4.735764775887219e-07,0.0031584433745592833,2.5588266794329684e-07,0.00015909475041553378,3.0931838068681827e-07,0.0006632275762967765,0.9934338927268982,1.987045288842637e-05,Snare_drum
cae0d841.wav,Snare_drum,9.738621287169735e-08,6.674218122615372e-11,1.4447483487334267e-10,6.501217285403982e-05,1.1051707327069948e-09,1.0250702871417161e-05,2.1202073185122572e-05,0.00010419874888611957,0.999753475189209,4.578260632115416e-05,Snare_drum
17f82c05.wav,Acoustic_guitar,0.5937165021896362,0.010133612900972366,0.13785742223262787,0.0005149364587850869,0.24801817536354065,0.0029997045639902353,1.1683194315992296e-05,0.0008639026782475412,0.0026657015550881624,0.0032184324227273464,Acoustic_guitar
0eeaebcb.wav,Acoustic_guitar,0.979276180267334,9.475114893575665e-06,0.004967811983078718,0.0022032083943486214,2.593095450720284e-05,0.012823875062167645,0.00015408133913297206,0.00039377660141326487,5.653379048453644e-05,8.886479190550745e-05,Acoustic_guitar
e92bf0fa.wav,Acoustic_guitar,0.9537484645843506,1.2305103155085817e-05,0.01225973479449749,0.00014583716983906925,0.00043138398905284703,0.012233380228281021,6.923180535522988e-07,0.004035871475934982,0.012055855244398117,0.005076508037745953,Acoustic_guitar
10da16fb.wav,Acoustic_guitar,0.9627413153648376,1.5201629139482975e-05,0.0017983168363571167,0.02324530854821205,4.643615102395415e-05,0.004350487608462572,2.6566475241907028e-08,0.005388341844081879,0.0006681185332126915,0.0017464630072936416,Acoustic_guitar
a25423a8.wav,Acoustic_guitar,0.9205832481384277,8.859788067638874e-05,0.004817251116037369,0.0034129752311855555,0.06868567317724228,0.00029958109371364117,0.00014436889614444226,0.0016180198872461915,2.7739471988752484e-05,0.0003226900880690664,Acoustic_guitar
16c9a838.wav,Acoustic_guitar,0.9612246155738831,1.8457889154888107e-06,0.0028351498767733574,0.03423937037587166,0.00112922175321728,0.0001772734831320122,1.1658657372848324e-09,2.5178308078466216e-06,0.00029902372625656426,9.112417319556698e-05,Acoustic_guitar
70ca9c77.wav,Acoustic_guitar,0.8329164385795593,0.00013431627303361893,0.053565461188554764,0.01440383680164814,0.0923394039273262,0.0008504748111590743,3.169144235926069e-08,6.474681140389293e-05,0.0056805117055773735,4.477805123315193e-05,Acoustic_guitar
38216fad.wav,Acoustic_guitar,0.9284917116165161,0.01531829871237278,0.026145657524466515,0.000724624958820641,0.009851223789155483,0.0005880150129087269,1.1038595403078943e-05,0.01762235350906849,0.00047773768892511725,0.0007692676153965294,Acoustic_guitar
d8a257e5.wav,Acoustic_guitar,0.9325497150421143,0.026005996391177177,0.02269555628299713,0.0020497909281402826,0.013812977820634842,0.0012255973415449262,0.00020393301383592188,0.0005908741150051355,0.0006719850935041904,0.0001938189088832587,Acoustic_guitar
7506dcc4.wav,Acoustic_guitar,0.9879259467124939,4.0238018472749104e-10,1.080333600356198e-08,0.01199046615511179,5.736144430557033e-06,6.952574767637998e-05,9.895058730724493e-12,1.3837504866387462e-06,4.649280072044348e-06,2.2905967398401117e-06,Acoustic_guitar
a6728901.wav,Acoustic_guitar,0.9994491338729858,4.411614540344999e-08,9.812963980948552e-05,2.8108784135838505e-06,2.393913064224762e-06,8.247867663158104e-05,6.973725596992608e-09,3.510424448904814e-07,4.057374991539575e-10,0.0003645883989520371,Acoustic_guitar
b88322f6.wav,Acoustic_guitar,0.9964466691017151,8.057275408646092e-05,0.0024000857956707478,6.104268777562538e-06,0.0008371974690817297,2.373968527535908e-05,4.090518928023812e-07,0.00018685251416172832,5.067822712589987e-06,1.3269213923194911e-05,Acoustic_guitar
35039ae1.wav,Acoustic_guitar,0.987948477268219,2.926693377958145e-05,0.0011393121676519513,1.616662302694749e-05,8.213643013732508e-06,8.57227569213137e-05,5.888564555789344e-05,8.644623449072242e-06,0.010669153183698654,3.622684016590938e-05,Acoustic_guitar
236cbab1.wav,Acoustic_guitar,0.9131399393081665,0.00925565604120493,0.018413035199046135,0.00974399596452713,0.03351335972547531,0.0003383085713721812,3.65922801393026e-06,0.0002941352722700685,0.015241295099258423,5.653830157825723e-05,Acoustic_guitar
0356dec7.wav,Acoustic_guitar,0.8610562682151794,0.0013717353576794267,0.029906434938311577,0.001281600445508957,0.002470141276717186,0.019426677376031876,8.421168604400009e-05,0.023762967437505722,0.02024461328983307,0.04039527848362923,Acoustic_guitar
bb1f5874.wav,Acoustic_guitar,0.9476927518844604,0.0024378211237490177,0.0036745606921613216,0.0012234911555424333,0.005271135829389095,0.0063505456782877445,3.0826399211036914e-07,0.031483352184295654,0.0012044105678796768,0.0006618574261665344,Acoustic_guitar
34747922.wav,Acoustic_guitar,0.9823898673057556,8.678520316607319e-06,1.0160620149690658e-05,0.0002807857235893607,1.4274947716330644e-05,0.010249809361994267,0.004076575860381126,0.0004236800305079669,0.00033389811869710684,0.0022121185902506113,Acoustic_guitar
44fb3eeb.wav,Acoustic_guitar,0.9837772250175476,2.081798129438539e-07,0.0004503403906710446,0.0009305752464570105,0.00013206723087932914,0.003622539807111025,4.71196304197008e-10,0.004583642352372408,2.1814107853401765e-08,0.0065033952705562115,Acoustic_guitar
367ad7b1.wav,Acoustic_guitar,0.980968177318573,2.821656607920886e-06,0.0025617065839469433,0.0002500714035704732,0.013963522389531136,0.0012656227918341756,8.70751500769984e-06,0.0005123595474287868,6.500579183921218e-05,0.00040196318877860904,Acoustic_guitar
160c92d7.wav,Acoustic_guitar,0.9594881534576416,3.271170271545998e-06,0.002397446660324931,0.0003184790548402816,2.5345110771013424e-05,0.015149148181080818,4.980718770752901e-08,0.021025534719228745,0.00023365943343378603,0.0013589198933914304,Acoustic_guitar
2016d256.wav,Acoustic_guitar,0.9965941309928894,3.284870639386206e-11,6.3156049834312e-11,0.003404686227440834,4.1629005798071717e-10,1.5974531919482615e-08,6.772127674971638e-20,2.288687426243996e-07,7.983832688296388e-07,8.512130023063946e-08,Acoustic_guitar
fc55d588.wav,Acoustic_guitar,0.8622996807098389,6.90859224050655e-06,0.07701017707586288,0.0002977943222504109,0.03180750086903572,0.020440340042114258,1.8016764443018474e-05,0.0016424083150923252,0.002481269184499979,0.003995830193161964,Acoustic_guitar
c7846d27.wav,Acoustic_guitar,0.9527660012245178,9.86788336376776e-07,5.459448948386125e-05,0.00011154861567774788,1.9466240246401867e-06,0.046961162239313126,4.731583885586588e-06,7.821071449143346e-06,1.0074059900944121e-05,8.112430805340409e-05,Acoustic_guitar
55822aae.wav,Acoustic_guitar,0.9842861890792847,0.0006345728761516511,0.005306421313434839,0.0026554535143077374,0.0016320155700668693,0.004531044512987137,2.2109836663730675e-06,0.0009459194843657315,4.854870894632768e-06,1.4818757563261897e-06,Acoustic_guitar
9923ddf8.wav,Acoustic_guitar,0.9999998211860657,9.753256108405597e-22,5.515928286754334e-19,1.9389243277601054e-07,3.396118424626554e-18,1.1745104888660762e-09,9.278455979685872e-18,5.079971244189054e-17,1.2162933871895663e-16,4.066234293720328e-10,Acoustic_guitar
32dee61b.wav,Acoustic_guitar,0.661632239818573,0.16660743951797485,0.054817769676446915,0.0029185158200562,0.10490123927593231,0.00018489632930140942,3.8688754102622624e-06,0.0078037576749920845,1.3910907910030801e-05,0.001116398023441434,Acoustic_guitar
fa4d4a92.wav,Acoustic_guitar,0.8671810030937195,0.0003953329869545996,0.026655688881874084,9.066220081876963e-05,0.10548459738492966,2.833734470186755e-05,3.188994179836868e-09,4.89412605020334e-06,0.0001490191207267344,1.0409736205474474e-05,Acoustic_guitar
8da75280.wav,Acoustic_guitar,0.5345517992973328,4.912929853162495e-06,0.06102525070309639,0.0002883683773688972,0.4025265872478485,0.0003439212159719318,1.1473341146484017e-05,0.0007998128421604633,0.0003589445259422064,8.880194945959374e-05,Acoustic_guitar
b2261238.wav,Acoustic_guitar,0.9155664443969727,0.0005252881092019379,0.0050744847394526005,0.0015446306206285954,0.0009628487750887871,0.020945094525814056,1.5496407286264002e-06,0.00794354360550642,0.030682865530252457,0.016753342002630234,Acoustic_guitar
673defaf.wav,Acoustic_guitar,0.9990662932395935,2.2994636594830808e-07,0.0004360523889772594,1.2602653214344173e-06,8.281580932134602e-08,6.041410870238906e-06,2.720190117599941e-08,0.00028088371618650854,1.104371858673403e-05,0.00019806146156042814,Acoustic_guitar
e6597186.wav,Double_bass,0.36179694533348083,1.8384057511866558e-06,0.1344350278377533,1.241526933881687e-05,0.5025744438171387,0.0001574155903654173,4.070106029985254e-08,3.575993105187081e-06,0.0009656304027885199,5.2593884902307764e-05,Double_bass
fcfafbc8.wav,Double_bass,0.004131611902266741,0.012662157416343689,0.06514286994934082,4.7339040065708105e-06,0.917573094367981,1.6545856851735152e-05,7.69048380533377e-09,2.247974890678961e-07,0.0004674706724472344,1.4397705854207743e-06,Double_bass
444f9db5.wav,Double_bass,0.0005368756246753037,6.422198111977195e-06,0.00024698529159650207,7.65133008826524e-05,0.9878372550010681,0.0010373173281550407,3.02029012910765e-10,0.010026768781244755,4.4798805902246386e-05,0.00018702152010519058,Double_bass
19893aa8.wav,Double_bass,0.017164425924420357,0.013241161592304707,0.03242964297533035,0.03568880259990692,0.883825421333313,0.010308696888387203,0.0003466554335318506,0.0005006507271900773,0.0026021753437817097,0.0038923604879528284,Double_bass
f042282c.wav,Double_bass,0.055101312696933746,0.008487689308822155,0.05285749211907387,0.09633808583021164,0.7841209769248962,0.0016816224670037627,1.938662535394542e-06,0.00012500848970375955,0.0003190844436176121,0.0009667682461440563,Double_bass
95e1d0ae.wav,Double_bass,0.07235410809516907,0.00993032194674015,0.0879543200135231,0.00042250551632605493,0.8285799026489258,0.000261319219134748,8.064252483563905e-07,0.0002945198502857238,0.00019163708202540874,1.0705163731472567e-05,Double_bass
595c191d.wav,Double_bass,0.07607193291187286,0.0017311593983322382,0.0002726876409724355,2.9092925615259446e-05,0.9214816093444824,2.1191870473558083e-05,3.1577854220365964e-10,0.00022368290228769183,9.264775144401938e-05,7.599571836180985e-05,Double_bass
8073923c.wav,Double_bass,0.11451403796672821,3.8070735172368586e-05,0.12497080117464066,7.484297384507954e-05,0.7566360831260681,0.0003076168359257281,1.2780132010448142e-06,5.174527541385032e-05,0.003382382681593299,2.3150299966800958e-05,Double_bass
6efbaf90.wav,Double_bass,0.004029636736959219,0.007683162577450275,0.008180947974324226,1.8437418475514278e-05,0.9798951148986816,0.000109557353425771,6.862150712549919e-06,6.358449354593176e-06,2.8221063985256478e-05,4.179083043709397e-05,Double_bass
642ad7e4.wav,Double_bass,0.02495552971959114,0.00036627118242904544,0.019663358107209206,1.3860487797501264e-06,0.9544681906700134,0.00022056562011130154,2.2111539266234104e-08,3.5707485949387774e-05,0.0001460241328459233,0.00014299458416644484,Double_bass
5eadbc6d.wav,Double_bass,0.09415337443351746,0.0013918573968112469,0.05364206060767174,0.007420129142701626,0.8164821863174438,0.009341117925941944,7.320636541408021e-06,0.004501957446336746,0.0010542476084083319,0.012005730532109737,Double_bass
1a7d3f2d.wav,Double_bass,0.27293649315834045,0.00027501926524564624,0.27726128697395325,5.308180334395729e-05,0.4437307119369507,0.00020895626221317798,1.1499088969912918e-07,4.450437245395733e-06,0.005443756002932787,8.606334449723363e-05,Double_bass
13da16ae.wav,Double_bass,0.0012061981251463294,0.010100624524056911,0.0006875828257761896,0.0020276124123483896,0.985821545124054,3.64648258255329e-05,4.283465315779722e-08,7.79073525336571e-05,1.7854143834483693e-06,4.018998151877895e-05,Double_bass
103f29e5.wav,Double_bass,0.014153272844851017,8.73096869327128e-05,6.745356949977577e-05,0.008231397718191147,0.9467757940292358,0.004673809744417667,1.3740653059812757e-08,0.023751763626933098,3.0136781788314693e-05,0.002229125937446952,Double_bass
da8ea649.wav,Double_bass,0.01003845315426588,0.035246919840574265,0.011986923404037952,0.00015749580052215606,0.942507803440094,1.8957778593176045e-05,2.3220005918034303e-09,1.9095459720119834e-06,4.044092202093452e-05,1.0884374432862387e-06,Double_bass
ca348cbb.wav,Double_bass,0.09121371805667877,4.138424264965579e-05,0.09410746395587921,1.3976076616017963e-06,0.8146089911460876,9.29518137127161e-06,5.049308970939137e-09,1.9816138774331193e-07,1.6887721358216368e-05,7.224630849123059e-07,Double_bass
8ce2e863.wav,Double_bass,0.0008449294255115092,0.004567469470202923,0.00011565758177312091,4.457499926502351e-06,0.99446702003479,1.4415867610750865e-07,8.222672759697347e-13,2.6935941832562094e-07,6.630931892459557e-08,1.3284513045164204e-08,Double_bass
462b676f.wav,Double_bass,0.015029454603791237,0.007212609052658081,0.009549353271722794,0.0037299676332622766,0.9475861191749573,0.001492766896262765,6.245253985071031e-07,0.0015989856328815222,8.316219464177266e-05,0.01371693518012762,Double_bass
b428466c.wav,Double_bass,0.002345068147405982,0.0035068627912551165,0.005486742127686739,2.2824713141744724e-07,0.9886507391929626,1.7125329350164975e-06,2.6646716833056416e-08,3.4855993362725712e-06,4.1605164824431995e-07,4.732501110993326e-06,Double_bass
4fd883bb.wav,Double_bass,0.10148420184850693,4.492022708291188e-05,0.07956577092409134,0.0007200352265499532,0.8179439306259155,0.00012582619092427194,1.4614165877446794e-08,4.4639335783358547e-07,0.00011055602954002097,4.345605248090578e-06,Double_bass
2ac8b94f.wav,Double_bass,0.023481082171201706,0.003996828105300665,0.018706701695919037,4.671381611842662e-05,0.9383292198181152,0.014134523458778858,0.0007853347924537957,0.00025496643502265215,0.0001005646918201819,0.0001640515838516876,Double_bass
c840804f.wav,Double_bass,0.040394749492406845,0.0010150435846298933,0.06441452354192734,2.975976258312585e-06,0.8936609625816345,0.0001008631443255581,1.504438273514097e-06,2.519723966543097e-05,3.491797178867273e-05,0.0003492075193207711,Double_bass
f63f3703.wav,Double_bass,0.0017967743333429098,0.01699252426624298,0.06045743450522423,0.0001512317976448685,0.918420135974884,0.0002109150227624923,2.1217299916997945e-08,2.037202284554951e-05,1.5150857507251203e-05,0.0019354806281626225,Double_bass
c0ddf010.wav,Double_bass,0.044815052300691605,0.020706163719296455,0.0018331919563934207,2.2860278477310203e-05,0.9325016140937805,3.5332162951817736e-05,3.145511939806056e-08,3.684754847199656e-05,4.00964881919208e-06,4.495402390602976e-05,Double_bass
a0cbe92e.wav,Double_bass,0.0035870808642357588,0.02065320312976837,0.013368825428187847,0.03997465968132019,0.9179238080978394,0.003499909769743681,0.00011133442603750154,0.00017607671907171607,0.0002573514939285815,0.0004478258779272437,Double_bass
4fb480bf.wav,Double_bass,0.018283013254404068,0.2816343903541565,0.15890821814537048,0.03242144361138344,0.5004472136497498,0.007551694288849831,0.0003700234228745103,0.00012033288658130914,0.00017299635510426015,9.069596853805706e-05,Double_bass
9dd0141c.wav,Double_bass,0.025349177420139313,5.6653458159416914e-05,0.0014004510594531894,0.0003222714876756072,0.9349711537361145,0.03113727644085884,4.0319211080941386e-08,0.00027098521240986884,0.0031232202891260386,0.003368709236383438,Double_bass
deb87700.wav,Double_bass,0.03427637368440628,0.020835500210523605,0.040251728147268295,0.11601657420396805,0.7548748254776001,0.031382106244564056,3.732548429979943e-05,0.000380773184588179,0.0006049915682524443,0.001339645590633154,Double_bass
e0ecd1a6.wav,Double_bass,0.23399987816810608,2.1227986053418135e-06,0.08878250420093536,0.0003495059791021049,0.6758976578712463,0.0001647685276111588,4.1822872276497947e-08,6.112115897849435e-06,0.0007829389069229364,1.4475102943833917e-05,Double_bass
0286fc27.wav,Double_bass,0.011465712450444698,0.018341489136219025,0.008164669387042522,0.0035801820922642946,0.9544985294342041,0.0029513072222471237,5.166228675079765e-06,0.00019487111421767622,8.339630585396662e-05,0.0007147027063183486,Double_bass
e2d993ec.wav,Cello,0.07687954604625702,0.005797414109110832,0.8298750519752502,0.01592114008963108,0.03538980707526207,0.018133848905563354,1.0176832802244462e-05,0.014971069060266018,0.0005448830779641867,0.002477038186043501,Cello
0091fc7f.wav,Cello,0.02763882279396057,0.004601703025400639,0.703924834728241,0.16498368978500366,0.04504736512899399,0.02124650962650776,4.396875010570511e-05,0.009647191502153873,0.006538521032780409,0.01632728986442089,Cello
e55c5160.wav,Cello,0.006366285495460033,0.00044935979531146586,0.834860622882843,0.05282583087682724,0.0020569225307554007,0.035939328372478485,2.3339252948062494e-05,0.03238541632890701,0.015681950375437737,0.019411033019423485,Cello
a59b5a08.wav,Cello,0.01825753040611744,0.04616859555244446,0.849797785282135,0.02748892828822136,0.05027768760919571,0.004960351157933474,0.00015594116121064872,0.0005359057104215026,0.0006684765103273094,0.0016887595411390066,Cello
88500b88.wav,Cello,0.015029576607048512,0.00830873940140009,0.8310324549674988,0.0017167343758046627,0.01632239855825901,0.06134524941444397,0.0007779705338180065,0.06163092330098152,0.0006010388024151325,0.003234841860830784,Cello
743ae0f9.wav,Cello,0.008344771340489388,0.039186105132102966,0.789436936378479,0.011405262164771557,0.13235977292060852,0.008017504587769508,9.868711458693724e-06,0.006990578956902027,0.000535949831828475,0.003713349113240838,Cello
9e3bc1b6.wav,Cello,0.009191988036036491,0.00796947069466114,0.9377691149711609,0.01652468740940094,0.01802929677069187,0.0017955946968868375,9.40101108426461e-06,0.005961328279227018,0.0019761696457862854,0.0007730885990895331,Cello
3e2bddda.wav,Cello,0.007339306175708771,3.826061947620474e-05,0.7342639565467834,0.01677781343460083,0.0005990647478029132,0.0684320405125618,0.010242125019431114,0.007711987476795912,0.011628378182649612,0.14296704530715942,Cello
d328db67.wav,Cello,0.008901801891624928,4.404848368722014e-05,0.9043036103248596,0.008172426372766495,0.015908339992165565,0.009558928199112415,0.007669577840715647,0.0015740888193249702,0.014600889757275581,0.029266411438584328,Cello
7d896090.wav,Cello,0.03403957933187485,0.0033236327581107616,0.7324017286300659,0.006525067146867514,0.11579791456460953,0.04911220446228981,0.00014700362225994468,0.05418850854039192,0.0032320183236151934,0.0012323536211624742,Cello
4bff8f32.wav,Cello,0.04311657324433327,0.009116064757108688,0.8848050236701965,0.0016137660713866353,0.06110542267560959,0.00020698871230706573,1.1345801453899185e-07,1.539323420729488e-05,1.7137788745458238e-05,3.542075774021214e-06,Cello
5e5bca7a.wav,Cello,0.00814933329820633,0.018877994269132614,0.9108797907829285,0.018338385969400406,0.01971319690346718,0.011224801652133465,0.0001800403551897034,0.0033596151042729616,0.006560259498655796,0.0027167010121047497,Cello
811bf309.wav,Cello,0.011901282705366611,0.0023847557604312897,0.9361006021499634,0.009217900224030018,0.029074793681502342,0.002490541897714138,2.581838816695381e-05,0.0008642388274893165,0.004742836579680443,0.003197232261300087,Cello
5689818f.wav,Cello,0.03388458117842674,0.007176035549491644,0.8933114409446716,0.002160260919481516,0.038665737956762314,0.004477702546864748,0.00043593428563326597,0.001455238671042025,0.006469701882451773,0.011963564902544022,Cello
81d9f077.wav,Cello,0.01866341568529606,0.006465382874011993,0.8010039925575256,0.018876060843467712,0.1289236694574356,0.02028006874024868,2.9249373255879618e-05,0.0052579534240067005,0.00035008671693503857,0.00015013823576737195,Cello
00353774.wav,Cello,0.024608023464679718,5.776562829851173e-05,0.8984085321426392,0.01292348187416792,0.00553531339392066,0.032277368009090424,0.00047634480870328844,0.021413933485746384,0.0008265455835498869,0.003472779178991914,Cello
6a210ffa.wav,Cello,0.018310323357582092,0.0008287695818580687,0.8645344376564026,0.0024140155874192715,0.09519243240356445,0.0031017265282571316,5.541927748708986e-06,0.0021163492929190397,0.013123017735779285,0.0003733979247044772,Cello
e97d9707.wav,Cello,0.001127056428231299,0.00251198117621243,0.8911677598953247,0.0006811697967350483,0.029310589656233788,0.03197231888771057,7.213783828774467e-05,0.00599535321816802,0.03639984503388405,0.0007617169176228344,Cello
238b16a5.wav,Cello,0.023699289187788963,8.986134162114467e-06,0.7550135850906372,8.896794315660372e-05,0.21958491206169128,0.00023229213547892869,2.105120256601367e-05,3.2970787287922576e-05,0.0008964230073615909,0.0004215638036839664,Cello
dc5be9d7.wav,Cello,0.014861373230814934,0.00229763425886631,0.8758999109268188,0.0002833420876413584,0.09883566200733185,0.007192406803369522,3.0086330298217945e-06,3.950402606278658e-05,5.845242412760854e-05,0.000528739474248141,Cello
f9653de8.wav,Cello,0.029297517612576485,0.05006325989961624,0.8196978569030762,0.0013397178845480084,0.09479222446680069,0.0017758671892806888,4.63808755739592e-05,0.00043911198736168444,0.0007685264572501183,0.001779529033228755,Cello
31dbc5c0.wav,Cello,0.029677797108888626,0.006545401178300381,0.7302115559577942,0.0054917111992836,0.021627100184559822,0.16677211225032806,9.533960837870836e-05,0.013545355759561062,0.003043504897505045,0.022990141063928604,Cello
cbc8d551.wav,Cello,0.04946201294660568,0.015777587890625,0.7388361096382141,0.020468149334192276,0.04762876033782959,0.029530536383390427,3.332085907459259e-05,0.007429101038724184,0.011375862173736095,0.07945849001407623,Cello
195f544d.wav,Cello,0.018498066812753677,0.003654795465990901,0.5842723846435547,0.010846908204257488,0.02209279127418995,0.14858125150203705,0.004045506473630667,0.01874128356575966,0.002384254476055503,0.18688273429870605,Cello
22bea889.wav,Cello,0.04506758973002434,0.00041613439680077136,0.8754079341888428,0.0021487902849912643,0.07377050071954727,0.0007784609333612025,6.673481607322174e-07,7.304669998120517e-05,0.0018919742433354259,0.00044490513391792774,Cello
ab8e8ae3.wav,Cello,0.007344448007643223,0.0022073970176279545,0.9064953327178955,0.023961124941706657,0.03843018412590027,0.01777375489473343,0.00012088540097465739,0.0020393915474414825,0.0012820825213566422,0.0003454343823250383,Cello
e70c41d4.wav,Cello,0.001798637444153428,1.5351573665611795e-06,0.7379156947135925,0.015905126929283142,0.00027413133648224175,0.13750417530536652,1.176356636278797e-05,0.08399344980716705,4.531762169790454e-05,0.022550014778971672,Cello
125e6ccf.wav,Cello,0.025690337643027306,0.0005708406679332256,0.9481607675552368,0.0005367445410229266,0.0005173140089027584,0.0016463606152683496,2.214853338955436e-05,7.323504542000592e-05,0.016972536221146584,0.0058096833527088165,Cello
2da9e12a.wav,Cello,0.0072456528432667255,0.0007924895617179573,0.9221813678741455,0.0011812836164608598,0.0599522590637207,0.004261642694473267,0.0005587448249571025,0.0007631611661054194,0.0005788406706415117,0.0024845439475029707,Cello
34e4d187.wav,Cello,0.051426783204078674,0.0156962089240551,0.793489933013916,0.008543524891138077,0.09974994510412216,0.018873140215873718,0.0006401989958249032,0.004637785721570253,0.002609636401757598,0.004332846961915493,Cello
52e54bdd.wav,Bass_drum,0.0832214504480362,0.5122742056846619,0.21345141530036926,0.03813079744577408,0.12192769348621368,0.02337682619690895,0.0010851069819182158,0.00389642221853137,0.001967470394447446,0.0006685625994578004,Bass_drum
6d21ad67.wav,Bass_drum,0.0010943665402010083,0.8729758262634277,0.0848260149359703,0.0002742820652201772,0.040520329028367996,0.00012524663179647177,1.4590775663236855e-06,0.0001328009821008891,4.82252798974514e-05,1.455739266020828e-06,Bass_drum
ca3f3698.wav,Bass_drum,1.3501186913345009e-05,0.9980320334434509,4.548715514829382e-05,5.934292858000845e-06,0.001900187344290316,4.295865778658481e-07,6.905521487965416e-09,2.3455054360965732e-06,1.1221946039086106e-08,4.977816558948689e-08,Bass_drum
aa9ae956.wav,Bass_drum,0.00017016961646731943,0.9917284250259399,0.003662923350930214,0.00023747014347463846,0.003920461051166058,0.00026249338407069445,2.7350727904718042e-08,1.3566774214268662e-05,9.474330795455899e-07,3.5624914289655862e-06,Bass_drum
0ddb4bdf.wav,Bass_drum,0.0007132834871299565,0.9864117503166199,0.00239272927865386,0.0001857144816312939,0.009634669870138168,0.0006400117999874055,4.5557561634268495e-07,1.3514468264475e-05,3.436622591834748e-06,4.468617134989472e-06,Bass_drum
921eee9d.wav,Bass_drum,0.010335522703826427,0.7175877690315247,0.00854294653981924,0.20942312479019165,0.010114544071257114,0.0016313443193212152,0.0006705333944410086,0.0407225526869297,0.0002829160075634718,0.000688756350427866,Bass_drum
c153f347.wav,Bass_drum,0.0001701782748568803,0.9953520894050598,0.00015675740723963827,6.984132596699055e-06,0.004309901501983404,5.302683234731376e-07,1.1111029429855535e-08,2.706767872950877e-06,8.332268635058426e-07,7.345194319441362e-08,Bass_drum
63e0ab2c.wav,Bass_drum,0.00026216235710307956,0.9907299280166626,0.00587719539180398,1.8614027794683352e-05,0.0030451295897364616,5.4652991821058095e-05,1.1686481116157665e-08,5.78403069084743e-06,1.2433116580723436e-07,6.4316900534322485e-06,Bass_drum
88780eac.wav,Bass_drum,0.003808679524809122,0.935312032699585,0.003184826811775565,0.0028556794859468937,0.003140984335914254,0.005473432596772909,0.002488695550709963,0.0006260669324547052,0.04181214049458504,0.0012974620331078768,Bass_drum
bea51ca5.wav,Bass_drum,0.09106306731700897,0.5786715745925903,0.058162786066532135,0.008487870916724205,0.23594637215137482,0.016761379316449165,1.1675481800921261e-05,0.0004895914462395012,0.001650882652029395,0.008754810318350792,Bass_drum
f26131d8.wav,Bass_drum,0.0001407391973771155,0.9724445939064026,2.75614729616791e-05,0.01361823920160532,0.00024412991479039192,0.002227658638730645,0.0035942087415605783,0.005212394520640373,0.0023749794345349073,0.00011547575559234247,Bass_drum
ce75b5ce.wav,Bass_drum,0.008897329680621624,0.9668506383895874,0.0020271085668355227,0.0002781584917102009,0.017459122464060783,0.00016156748461071402,1.8482422092347406e-05,0.004001354333013296,0.0002187271456932649,8.756696479395032e-05,Bass_drum
565f3ee2.wav,Bass_drum,0.005036803428083658,0.9587663412094116,0.004168291110545397,0.001261476194486022,0.026034746319055557,6.555764412041754e-05,1.3782094356429297e-05,0.0046129534021019936,2.2654169242741773e-06,3.7738296668976545e-05,Bass_drum
ff11628d.wav,Bass_drum,0.001683486858382821,0.9827576875686646,0.003172693308442831,0.0005319237825460732,0.011060466058552265,0.0007436409941874444,2.419877205284138e-07,4.381536928121932e-05,1.960738700290676e-06,4.038502993353177e-06,Bass_drum
cdfc8967.wav,Bass_drum,0.03188803791999817,0.7373073101043701,0.05878179520368576,0.009193246252834797,0.1395263969898224,0.017957722768187523,0.0005445244023576379,0.000641174556221813,0.0033507593907415867,0.0008090322953648865,Bass_drum
f8a99b37.wav,Bass_drum,0.0004251947102602571,0.9938634634017944,0.0022540290374308825,5.1734452426899225e-05,0.003203493310138583,0.00019366267952136695,4.7455479545988055e-08,5.664521722792415e-06,6.922651323293394e-07,1.9983631318609696e-06,Bass_drum
809ea09e.wav,Bass_drum,0.0004887740360572934,0.9929015040397644,0.0024487003684043884,3.8729234802303836e-05,0.003906272351741791,0.00020046909048687667,1.718537134820508e-07,1.0891810234170407e-05,1.3634526112582535e-06,3.2142420423042495e-06,Bass_drum
03fc1f96.wav,Bass_drum,0.033821795135736465,0.310028612613678,0.028499115258455276,0.02001321129500866,0.5461096167564392,0.015392078086733818,0.0007455878658220172,0.045057687908411026,9.390837658429518e-05,0.00023842111113481224,Double_bass
8b6a16de.wav,Bass_drum,9.226220754499082e-06,0.9976117610931396,5.169368887436576e-05,3.0747071377845714e-06,0.0023224898613989353,2.9195311412877345e-07,4.765916106208579e-09,1.463768853682268e-06,7.998583129165127e-09,2.2402982580160824e-08,Bass_drum
7dda9dc2.wav,Bass_drum,0.009680111892521381,0.44582298398017883,0.007969632744789124,0.003331262618303299,0.4706682562828064,0.014554020948708057,8.161624464264605e-06,0.0005120696732774377,0.03648557886481285,0.010967892594635487,Double_bass
3a9085ca.wav,Bass_drum,0.0009097285801544785,0.9874162673950195,0.0006893692188896239,0.0008142589358612895,0.002058139769360423,0.00039974538958631456,4.3921959331783e-06,0.006877802312374115,0.0003891829401254654,0.00044123371480964124,Bass_drum
4ba2b70e.wav,Bass_drum,0.0001396084699081257,0.9940946102142334,3.418265623622574e-05,1.9459186660242267e-05,0.00023569770564790815,3.806876293310779e-06,5.698506129192538e-07,0.004090854432433844,0.001380903646349907,1.870918140411959e-07,Bass_drum
01c2f88b.wav,Bass_drum,0.006899567786604166,0.7697353363037109,0.009296952746808529,0.15665356814861298,0.05230442062020302,0.0019737633410841227,0.002964634448289871,6.567913078470156e-05,9.721580863697454e-05,8.855592568579596e-06,Bass_drum
ce3f3400.wav,Bass_drum,0.08416880667209625,0.5102049708366394,0.28738468885421753,0.05131599307060242,0.04755933955311775,0.0016441317275166512,3.346015728311613e-05,0.009837615303695202,0.0028208259027451277,0.005030203610658646,Bass_drum
6a96272b.wav,Bass_drum,0.005650100763887167,0.879207968711853,0.0076061757281422615,0.003346865065395832,0.10404419898986816,1.938127024914138e-05,1.9230488135235646e-07,1.8143591660191305e-05,0.00010245158046018332,4.52342374046566e-06,Bass_drum
9adffd44.wav,Bass_drum,0.00023295120627153665,0.9900440573692322,0.00013162837421987206,2.6616453396854922e-05,0.009555354714393616,2.118034672093927e-06,4.6213290971763854e-08,6.761555596312974e-06,1.1085146667255685e-07,3.953648217702721e-07,Bass_drum
7d11b3b4.wav,Bass_drum,0.0003383591247256845,0.9985330104827881,0.00016676002996973693,2.981152465508785e-05,0.0009050719672814012,1.059432861438836e-06,1.2070262300767354e-07,1.9847133444272913e-05,5.873676855117083e-06,1.5947782117109455e-07,Bass_drum
bab98261.wav,Bass_drum,7.706686301389709e-05,0.9989490509033203,0.0001305927726207301,1.840339245973155e-05,0.0007971437298692763,8.817683578854485e-07,1.6195757268633315e-07,2.363809835514985e-05,3.0085925573075656e-06,1.33338474483935e-07,Bass_drum
c11bacda.wav,Bass_drum,0.004336566664278507,0.9028521180152893,0.02265070006251335,0.029054639860987663,0.020038200542330742,0.017729686573147774,0.00015725968114566058,0.0008254574495367706,0.001119496300816536,0.0012359063839539886,Bass_drum
9a4bfb69.wav,Bass_drum,0.007299029268324375,0.834389328956604,0.05515233427286148,0.0005304132355377078,0.10135247558355331,0.001009914092719555,1.4894251307850936e-06,9.75243019638583e-05,1.033756689139409e-05,0.00015720122610218823,Bass_drum
18865530.wav,Flute,3.5589909685995735e-08,5.833971972180052e-09,3.4535976283223135e-06,0.0005216957652010024,2.1858593754586764e-05,0.9990854859352112,1.4041536360309692e-06,0.00020645064068958163,8.335703023476526e-05,7.634812936885282e-05,Flute
9f6eac9c.wav,Flute,0.00014007989375386387,9.583139615187974e-08,0.0007777751889079809,0.025294629856944084,5.93605000176467e-05,0.9651545882225037,0.0008757324540056288,0.007263472303748131,0.00013554957695305347,0.0002986998879350722,Flute
07db7f16.wav,Flute,0.002262141089886427,0.003571092151105404,0.004488933831453323,0.0566796213388443,0.011212262324988842,0.9161185622215271,0.0005288022803142667,0.00015858608821872622,0.00039028225000947714,0.00458992226049304,Flute
dc6676ff.wav,Flute,9.816294550546445e-06,4.6368174366762105e-07,0.0009353736531920731,0.004658265504986048,2.5356719106639503e-06,0.9788901805877686,0.006125891115516424,0.00885782577097416,5.10824793309439e-05,0.0004686544125434011,Flute
3eaddda8.wav,Flute,0.012681916356086731,0.00011812507000286132,0.009662388823926449,0.05165114626288414,0.0004988510045222938,0.9040439128875732,0.0025916974991559982,0.005404012743383646,0.00011757816537283361,0.013230384327471256,Flute
1b93aeba.wav,Flute,0.0008976780227385461,2.6361881566572265e-09,3.6408809478416515e-07,9.724924166221172e-05,8.255614716290438e-07,0.99893718957901,8.601252261541958e-07,1.8720618299994385e-07,3.36699130798479e-08,6.566489901160821e-05,Flute
c683f28f.wav,Flute,0.00026256489218212664,1.4697333483582042e-07,3.503038897179067e-05,0.005475708283483982,1.5764460670197877e-07,0.993276059627533,7.700826643031178e-08,0.0002474016509950161,5.955036613158882e-06,0.0006968866218812764,Flute
55d52a69.wav,Flute,0.0007935924222692847,0.002607709961012006,0.001862031756900251,0.0190875381231308,0.004792266990989447,0.9646146893501282,0.0004801917530130595,0.004131027031689882,0.0014032712206244469,0.0002276913437526673,Flute
ca8653d2.wav,Flute,0.00023481168318539858,0.00025072472635656595,0.005720558110624552,0.023718876764178276,0.0037262088153511286,0.9291821122169495,1.8478048104952904e-06,0.025404589250683784,0.00024715103791095316,0.011513284407556057,Flute
6b27a847.wav,Flute,7.568879664177075e-05,6.848497879907711e-10,7.326241757255048e-05,0.0041978852823376656,1.7746567948506708e-07,0.9908122420310974,6.974920688662678e-05,0.004583612084388733,1.8547139916336164e-05,0.00016883216449059546,Flute
4bcc8a77.wav,Flute,0.010332229547202587,9.580800906405784e-06,7.65732183936052e-05,0.003177693812176585,0.00021488584752660245,0.9713476896286011,2.7392667689696282e-08,0.006909610237926245,0.00015864029410295188,0.007773103658109903,Flute
84f5b84b.wav,Flute,0.00034031568793579936,1.2618140772246988e-06,5.653363768942654e-05,0.005153270438313484,6.88401598836208e-07,0.9938931465148926,1.993161049540504e-06,0.00048598344437777996,3.995305178250419e-06,6.286202551564202e-05,Flute
5d73ee6f.wav,Flute,0.010463164187967777,0.0021510112565010786,0.013359316624701023,0.08869759738445282,0.001554909162223339,0.844731330871582,0.003994475584477186,0.01083285454660654,0.014750320464372635,0.009465143084526062,Flute
5d040c3b.wav,Flute,0.0013421961339190602,1.2816600246878807e-05,0.00022317311959341168,0.002260759240016341,0.001031343825161457,0.9873549938201904,3.5816728995996527e-06,0.004826003219932318,0.00031013591797091067,0.00263485056348145,Flute
6a037ddf.wav,Flute,0.0014807009138166904,0.007802760228514671,0.0038215492386370897,0.04754624143242836,0.005918304901570082,0.9185157418251038,0.0005276324227452278,0.004375566262751818,0.000527223281096667,0.009484284557402134,Flute
35e97db3.wav,Flute,8.515800911657045e-12,3.0047401144431306e-34,1.5005723985432595e-14,2.35502484429162e-05,4.798152423786902e-22,0.9999765157699585,1.6152025897331335e-11,7.181430704133289e-18,4.65191332152432e-19,5.059554442077285e-10,Flute
d14f5df1.wav,Flute,0.02058536745607853,5.11371144966688e-05,0.0018673287704586983,0.02209954708814621,0.006457468960434198,0.9011266827583313,0.0003917355206795037,0.030814586207270622,0.00011124563025077805,0.016494926065206528,Flute
9f522cda.wav,Flute,7.4629599112086e-05,2.8978592858663887e-09,6.270490121096373e-05,0.06880184262990952,5.33183595052833e-07,0.9262058138847351,1.1265096873103175e-05,0.0009317135554738343,7.634044777660165e-06,0.0039037009701132774,Flute
fe76c972.wav,Flute,0.019980967044830322,0.0006121886544860899,0.0168064683675766,0.013591309078037739,0.011031129397451878,0.9120107293128967,0.00030215803417377174,0.025404667481780052,2.457800974298152e-06,0.00025792064843699336,Flute
562d93f5.wav,Flute,0.011577008292078972,3.841426587314345e-05,0.0004032172146253288,0.06940819323062897,6.179570482345298e-05,0.8955429792404175,0.0007024082005955279,0.014053321443498135,0.006101887207478285,0.0021109869703650475,Flute
fa32109e.wav,Flute,0.0011630657827481627,0.00013405118079390377,0.0006809791666455567,0.04657962918281555,6.610667333006859e-05,0.9052480459213257,0.0007898539770394564,0.03828606382012367,0.0003882937890011817,0.006663992535322905,Flute
b4b2b68d.wav,Flute,0.028957556933164597,0.000744227843824774,0.042005643248558044,0.03355398774147034,0.030810516327619553,0.8261799216270447,3.110539182671346e-05,0.0061997962184250355,0.0016235372750088573,0.029893839731812477,Flute
af227d6f.wav,Flute,0.0032418861519545317,1.983987203857396e-06,0.016178034245967865,0.06500256061553955,0.00017273817502427846,0.8726643323898315,0.002104627899825573,0.027910670265555382,0.0011564139276742935,0.011566699482500553,Flute
85d6a7d2.wav,Flute,0.0028860527090728283,2.831338861142285e-06,0.03106018155813217,0.06770375370979309,0.00022892930428497493,0.8661630153656006,3.843376907752827e-05,0.029609646648168564,2.5860308596747927e-06,0.002304485533386469,Flute
3707da71.wav,Flute,0.007610731292515993,4.207573510939255e-06,0.014029918238520622,0.041819773614406586,0.0010782440658658743,0.9221820831298828,0.0018571142572909594,0.003966871649026871,0.0030843375716358423,0.004366748500615358,Flute
61c914b1.wav,Flute,6.465533715527272e-06,8.780516758122303e-09,9.30411260924302e-07,0.09125504642724991,1.2647472431126516e-05,0.9086836576461792,5.914419944019755e-06,1.8393944628769532e-05,1.595232106410549e-06,1.5316190911107697e-05,Flute
f5e20dce.wav,Flute,0.03544456139206886,0.00010820348688866943,0.04770592600107193,0.03622261434793472,0.025644918903708458,0.8114291429519653,3.504121923469938e-05,0.03425581008195877,0.0036375909112393856,0.005516204982995987,Flute
b0d9849d.wav,Flute,0.0017865783302113414,0.001364335068501532,0.004243717063218355,0.06435447186231613,0.0009314537164755166,0.9132203459739685,0.00028644033591262996,0.004743617027997971,0.00300914840772748,0.006059981416910887,Flute
6ef82473.wav,Flute,0.020892707630991936,0.00016036491433624178,0.004910529591143131,0.04099808633327484,0.008490416221320629,0.873433530330658,0.010432977229356766,0.027032513171434402,4.198960596113466e-05,0.013606807217001915,Flute
8986cced.wav,Flute,4.222436837153509e-05,4.305334186938126e-06,6.144401413621381e-05,0.004220705479383469,3.566439409041777e-05,0.9953004121780396,1.8593767947550077e-07,7.589862798340619e-05,0.0001483669620938599,0.00011093602370237932,Flute
a64a3740.wav,Clarinet,8.46621794892144e-09,3.241071980122829e-17,3.2673967698126916e-11,0.9821280837059021,2.5621827793101404e-13,0.017843324691057205,9.698250882927972e-12,1.4716482199528258e-10,9.312938118455349e-07,2.7696143661160022e-05,Clarinet
ad7ec8cb.wav,Clarinet,4.783711621270115e-11,1.1745362084252051e-20,2.2146222572808072e-13,0.9999842643737793,5.973679743478456e-16,5.970523488940671e-06,5.489377940919027e-14,1.4464348122023019e-11,2.123950082477677e-08,9.877735465124715e-06,Clarinet
8ee44fb5.wav,Clarinet,0.03035120479762554,4.989141585149261e-16,4.1635930814187816e-12,0.9694491028785706,1.0460941141099411e-11,3.761077095987275e-05,5.2316827085785444e-12,2.0226029739944806e-09,1.8425791381559975e-07,0.00016194027557503432,Clarinet
7eb959ec.wav,Clarinet,0.03184031695127487,1.6474141375510953e-06,0.0002025249705184251,0.9445123672485352,0.003956733271479607,0.011332417838275433,0.006847309414297342,0.0006386119639500976,9.145257354248315e-05,0.000577026978135109,Clarinet
e51e1770.wav,Clarinet,9.693304491520394e-06,1.7462278290025779e-09,5.86540371827482e-09,0.9771741628646851,3.7365185789894895e-07,3.8509941077791154e-05,0.019795887172222137,1.3582353020069604e-08,0.0008585548494011164,0.0021229537669569254,Clarinet
3f7e6da8.wav,Clarinet,3.5246914194431156e-05,1.6145570436165713e-09,1.3546440641221125e-05,0.9991638660430908,6.893445174682711e-07,6.989277608226985e-05,0.00014268295490182936,0.00018257465853821486,0.0003103300114162266,8.117817924357951e-05,Clarinet
3cbe9902.wav,Clarinet,0.004743536468595266,0.002268130425363779,0.0044188410975039005,0.9461047053337097,0.003638682421296835,0.02622809447348118,0.00028168471180833876,0.0006992030539549887,0.007584087550640106,0.0040331208147108555,Clarinet
9a722e53.wav,Clarinet,0.010363812558352947,2.569437163035815e-10,0.00013735273387283087,0.9860197901725769,3.972762897319626e-06,0.00011085114238085225,2.418189737340981e-08,0.0032084351405501366,0.00013567469432018697,2.0100551409996115e-05,Clarinet
19105b8a.wav,Clarinet,0.010511122643947601,9.964111995941494e-06,0.0005821517552249134,0.9577457904815674,0.0013895862502977252,0.016575442627072334,5.120142668602057e-05,0.0064126234501600266,0.0010218562092632055,0.005700321402400732,Clarinet
1f81cc2b.wav,Clarinet,0.00046432155068032444,7.999317404028261e-07,6.546470831381157e-05,0.9761651158332825,1.3570333976531401e-05,0.020206861197948456,2.794376814563293e-05,0.00020434048201423138,0.002612888580188155,0.00023890763986855745,Clarinet
44c5094c.wav,Clarinet,4.245383752277121e-05,2.4174423313844118e-12,0.0002643734042067081,0.9911991953849792,8.099576120912388e-09,0.008244077675044537,9.584347759883372e-10,8.383637032238767e-05,1.4755210031580646e-07,0.00016593007603660226,Clarinet
5506629f.wav,Clarinet,0.0004643462598323822,0.010243124328553677,0.0017926957225427032,0.9724448919296265,0.0004169361782260239,0.008296099491417408,0.0006036220584064722,0.004626609850674868,0.000401983386836946,0.0007097494672052562,Clarinet
ddf23920.wav,Clarinet,1.9717982979727822e-07,1.1213695784501427e-20,9.677066439839344e-12,0.9790164828300476,1.5644017521297335e-14,0.02098282426595688,4.472738623917394e-08,7.302209947823712e-10,3.96309027261843e-12,7.209978889477497e-07,Clarinet
2e1cd085.wav,Clarinet,1.1205462158159207e-07,4.422823615186271e-15,3.092550571182073e-08,0.9964751601219177,1.5062428301154673e-12,0.00022021945915184915,1.0006538071836556e-14,1.8344132968195481e-06,0.00046030376688577235,0.002842406975105405,Clarinet
dc981a38.wav,Clarinet,0.014363701455295086,5.682587911337578e-08,0.00021841471607331187,0.8396235108375549,7.027952233329415e-05,0.12496426701545715,0.008319533430039883,0.007719350513070822,0.0037324486766010523,0.0009883978636935353,Clarinet
a053797b.wav,Clarinet,0.06562355905771255,4.1586508542357237e-11,4.296071054454842e-09,0.9343604445457458,1.749491573832529e-08,6.548390274474514e-07,5.179190409876355e-12,7.1434833444072865e-06,7.4426166065677535e-06,8.407968152823742e-07,Clarinet
f2310f0d.wav,Clarinet,0.08751413971185684,0.00014145929890219122,0.0010817855363711715,0.9014162421226501,0.0005931486957706511,0.0056234849616885185,8.40151114971377e-05,0.0004069443675689399,0.0003433942038100213,0.0027952303644269705,Clarinet
ce65d6b5.wav,Clarinet,0.010422431863844395,1.986794617714338e-10,2.9665873313433622e-08,0.9877128601074219,1.8571097371022915e-06,0.00015663336671423167,2.053854641914654e-09,0.0016365178162232041,5.201008025323972e-05,1.7545480659464374e-05,Clarinet
45de3233.wav,Clarinet,0.001821619109250605,0.015337602235376835,0.010952817276120186,0.9517806172370911,0.007719166576862335,0.011112786829471588,9.427165787201375e-05,0.0004917439655400813,0.00038352300180122256,0.0003058458387386054,Clarinet
8916ffcd.wav,Clarinet,0.017886141315102577,3.3269039107809706e-13,1.0587461929389974e-07,0.9818216562271118,3.2946292360946927e-09,3.725017904798733e-06,7.78724076866931e-14,2.629496157169342e-05,4.361220362625318e-06,0.0002577171544544399,Clarinet
e43f7db2.wav,Clarinet,2.0396734612404543e-07,2.2051764169035704e-14,7.465849193977192e-05,0.9996213912963867,4.749335646980768e-11,0.00021392814232967794,5.413586939839732e-11,8.335837628692389e-05,2.2265870924798037e-08,6.455400580307469e-06,Clarinet
3c66098d.wav,Clarinet,1.5699568393756635e-05,1.7026728742183374e-17,4.124299834984413e-08,0.8843975067138672,2.862341752507547e-10,0.11557849496603012,1.1185686332737532e-07,2.2274655293585965e-06,4.1561523111965926e-09,5.998351753078168e-06,Clarinet
ad42e493.wav,Clarinet,0.0002406912826700136,1.4782650104017137e-10,6.634168414620945e-08,0.9996521472930908,3.9927465422806563e-07,2.017991391767282e-06,5.2020521223994365e-09,8.417514436587226e-06,1.1168768651259597e-05,8.516824891557917e-05,Clarinet
740e5bb7.wav,Clarinet,0.01078101247549057,0.0017516769003123045,0.006716600153595209,0.935868501663208,0.0023842656519263983,0.026158547028899193,0.004739070311188698,0.007930389605462551,0.0016402255278080702,0.002029641065746546,Clarinet
800b401e.wav,Clarinet,0.008927869610488415,0.0008877902873791754,0.007488828618079424,0.911432683467865,0.03776362165808678,0.02835961990058422,2.327481888642069e-05,0.002569535980001092,0.0020730565302073956,0.0004736035189125687,Clarinet
3c713bcf.wav,Clarinet,0.00025961556821130216,3.026193007826805e-05,0.012725180014967918,0.9866747856140137,0.0002707901003304869,3.2534310321352677e-06,4.321831966080936e-06,2.5442272090003826e-05,9.107563982979627e-07,5.514571512321709e-06,Clarinet
2fc00271.wav,Clarinet,0.0015594958094879985,1.155499074201316e-08,0.0002117945405188948,0.9974352121353149,2.1782687326776795e-05,5.42697380296886e-05,3.642550154836499e-07,7.703040319029242e-05,0.00020153303921688348,0.00043862327584065497,Clarinet
b0c06255.wav,Clarinet,0.011090719141066074,5.4296598328562595e-09,0.000795261817984283,0.9496493339538574,2.75050382469999e-07,0.02805844135582447,0.0001413829013472423,0.008846220560371876,6.468834180850536e-05,0.0013535814359784126,Clarinet
71c6451f.wav,Clarinet,2.1611865577142453e-06,1.5108105738681488e-12,1.5908149464394228e-07,0.9094796776771545,4.0248945842868977e-10,0.08041100949048996,5.551045845209046e-09,0.00018042413285002112,1.1019681522839164e-07,0.009926372207701206,Clarinet
5de123c3.wav,Clarinet,0.001026143436320126,3.2655568571266435e-16,5.336798949429067e-07,0.9985424280166626,9.27744513157247e-12,0.00029423454543575644,4.4184591424002717e-13,2.436389149806928e-05,1.1046805639125523e-06,0.00011120953422505409,Clarinet
